Metric,Mean,Std
MAE,73.81014376469697,0.11602013973484625
RMSE,110.38676673594662,0.35546599145151514
R2,0.11440701185641197,0.0018815927418956405
